,,,best_test_accuracy,best_test_accuracy,final_test_accuracy,final_test_accuracy,sharpness,sharpness,top_hessian_eigenvalue,top_hessian_eigenvalue
,,,mean,std,mean,std,mean,std,mean,std
optimizer,batch_size,learning_rate,,,,,,,,
adam,64,0.001,0.9220666666666667,0.0005033222956847256,0.9153333333333333,0.0014742229591664245,0.0004506140947341333,0.00011777590018827784,34.23135248819987,20.213246027658446
adam,512,0.001,0.9231333333333334,0.0017387735140993585,0.9145333333333333,0.003863073042712676,0.0006089801589647667,0.0003205568863818984,72.70993296305339,9.051926990900826
sgd,64,0.01,0.9252333333333334,0.0009073771725877568,0.9202666666666666,0.0011547005383792605,0.0006687266131241666,0.00021929905505920261,32.7131716410319,3.7707400503950415
sgd,512,0.05,0.9216333333333333,0.002967041174863168,0.9170666666666666,0.005124776417887255,0.00044293701648709995,0.0002557255777205655,30.175748189290363,6.682333885977649
